Variable,Coefficient,Std Error,p-value,CI Lower,CI Upper
Intercept,-0.8219140833964449,108.19790751385398,0.9939390117104636,-212.88591601314593,211.24208784635303
vagueness,-3.453451891971236,2.455658057861422,0.15962781217913835,-8.266453243725199,1.3595494597827278
high_integration_cost,-1.2687990841933536,0.9722452093674976,0.19188616333741526,-3.1743646786952535,0.636766510308546
vagueness:high_integration_cost,5.3055006260897395,3.509194495945587,0.13056296794996095,-1.5723942007098,12.183395452889279
early_funding_musd,0.005117646110738468,0.027589276984207545,0.8528415641437153,-0.04895634313780815,0.059191635359285094
employees_log,0.16620429680281185,0.13540446431371642,0.2196477135046876,-0.09918357659801136,0.43159217020363505
year_founded,0.0003493735044709875,0.05358642534266053,0.9947979782476112,-0.10467809022738807,0.10537683723633005
