Model,Coefficient,p-value,N
A: Amount,0.48805272598874416,9.258233768034515e-56,266023
B: Probability,-3.947555887562335,0.0019153972240177478,55667
