term,Coef.,Std.Err.,z,P>|z|,[0.025,0.975]
Intercept,2.2869513930975347,3.767989814264862,0.6069420316476415,0.5438893829189337,-5.098172936975361,9.672075723170432
sector[T.Bio],-0.6391984958888378,1.2199134393068345,-0.5239703697764294,0.6002991487693217,-3.0301849011866224,1.7517879094089466
sector[T.Fintech],1.5315739921928149,1.38974072158084,1.1020573610670619,0.27043673490600706,-1.1922677699543383,4.2554157543399675
vagueness,0.10930485342689207,0.0931253541415998,1.1737389289354099,0.24049961234108497,-0.0732174867381815,0.29182719359196563
early_funding_musd,-0.03146651917217156,0.5739523170249193,-0.05482427414053871,0.9562784615146199,-1.1563923893843286,1.0934593510399857
team_size,-0.15372282953931674,0.22426448698235926,-0.6854532860185244,0.49305792887488,-0.5932731470360927,0.28582748795745916
prior_exit,-0.08375972554474453,1.5542586618883822,-0.05389046726815647,0.9570224316484689,-3.1300507255053907,2.962531274415902
