term,Coef.,Std.Err.,t,P>|t|,[0.025,0.975]
Intercept,5.822152887167145,0.43662816999387993,13.334350111328712,2.1344321224791e-20,4.9503966189039526,6.693909155430338
sector[T.Bio],0.8775306868166768,0.2844867309029559,3.084610252405832,0.0029759223701989724,0.3095346024004283,1.4455267712329252
sector[T.Fintech],0.30790192146621287,0.2541548630998695,1.2114736570876614,0.2300336909255548,-0.19953463495200996,0.8153384778844357
vagueness,-0.12284262992435338,0.012710756546204524,-9.66446249503808,2.916470460669157e-14,-0.1482204741749351,-0.09746478567377166
team_size,0.2252117946816639,0.03944144926986063,5.710028380061596,2.9180624141653463e-07,0.1464644004609299,0.3039591889023979
prior_exit,1.7020824693570702,0.291795551023574,5.833133724576767,1.7961751146329363e-07,1.1194938547478057,2.2846710839663347
