Cohort,N,L=1,beta_VF,se_VF,p_value,verdict,significant
All,45556,9102,0.013019010943729115,0.05792412802367967,0.41108310056466907,○ FAIL TO REJECT H0,False
