effect,value,std_err
AME_z_vagueness,,
slope_level_0,0.28084896553253236,0.04851240534361127
slope_level_1,0.2698567505288028,
