variable,coefficient,std_err,stat,p_value,ci_lower,ci_upper
Intercept,-1.000797829852841,0.04856053611932026,-20.609282965775666,2.265630157120404e-94,-1.0959747317166653,-0.9056209279890168
C(founding_cohort)[T.2010-14],-0.3457973644412264,0.0555709326363673,-6.222630213964163,4.888887245377742e-10,-0.4547143909958078,-0.23688033788664498
C(founding_cohort)[T.2015-18],-0.3692039472776764,0.050977174352780444,-7.242534565032025,4.4037615375700576e-13,-0.46911737304274503,-0.2692905215126078
C(founding_cohort)[T.2019-20],-2.626974566905206,0.0885722341486997,-29.65912051506913,2.587037663470289e-193,-2.8005729558669064,-2.4533761779435057
C(founding_cohort)[T.2021],-2.6402823667251463,0.22631401264819165,-11.666455540380095,1.8914041968738697e-31,-3.083849680712344,-2.1967150527379484
z_vagueness,-0.0018527841211197708,0.01825311076073131,-0.10150511578036023,0.9191494967305909,-0.03762822381797365,0.03392265557573411
is_hardware,0.16283265440038103,0.04086095292070454,3.985042999765004,6.746790705195386e-05,0.0827466583018134,0.24291865049894867
z_vagueness:is_hardware,0.08864274236276622,0.047404246322930145,1.8699325321809492,0.0614931874781692,-0.004267873144442158,0.1815533578699746
