nobs,prsquared,aic,bic,llf,converged
5000.0,0.018649929719423253,3961.5018221993687,4013.6393677306987,-1972.7509110996843,True
