variable,coefficient,std_err,stat,p_value,ci_lower,ci_upper
Intercept,-1.090275884508033,0.05108519336294906,-21.34230709007721,4.596946266714678e-101,-1.1904010236426776,-0.9901507453733882
C(founding_cohort)[T.2010-14],-0.23003410171968833,0.058142276186437,-3.956400003709332,7.608771638225729e-05,-0.34399086902428566,-0.11607733441509097
C(founding_cohort)[T.2015-18],-0.34714472293852905,0.05338920901121621,-6.502151452845079,7.917932206995896e-11,-0.45178564976359414,-0.24250379611346395
C(founding_cohort)[T.2019-20],-2.5792127406778094,0.09017254590186045,-28.603082178525856,6.151139028045045e-180,-2.7559476830397407,-2.402477798315878
C(founding_cohort)[T.2021],-2.403422164131377,0.22808340955073572,-10.537470344140706,5.803907048818729e-26,-2.850457432321918,-1.956386895940836
z_vagueness,-0.03627910395751271,0.019335163744473683,-1.8763277330858856,0.06061029113252255,-0.07417532853186573,0.0016171206168403215
is_hardware,0.32359174550053854,0.042418322835864664,7.6285841557823675,2.3734588580674335e-14,0.24045336045765087,0.4067301305434262
z_vagueness:is_hardware,0.09250746121654066,0.04961383999126084,1.8645495134590522,0.06224457515103753,-0.004733878301063615,0.18974880073414493
z_employees_log,0.8722402761942305,0.019864374340617084,43.909778442442224,0.0,0.8333068179111994,0.9111737344772616
