nobs,prsquared,aic,bic,llf,converged
5000.0,0.015746825766336903,3973.1737039099,4025.31124944123,-1978.58685195495,True
