nobs,prsquared,aic,bic,llf,converged,auc,brier,logloss
40148.0,0.11241085226465752,33054.22625975674,33131.62921090114,-16518.11312987837,True,0.7394440472724713,0.13086876145750898,0.4114305352664733
