effect,value,std_err
AME_z_vagueness,,
slope_level_0,-0.03627910395751271,0.019335163744473683
slope_level_1,0.05622835725902795,
