variable,coefficient,std_err,stat,p_value,ci_lower,ci_upper
Intercept,-1.0902758845080345,0.05108519336294952,-21.34230709007705,4.596946266730131e-101,-1.19040102364268,-0.9901507453733889
C(founding_cohort)[T.2010-14],-0.23003410171968663,0.05814227618643737,-3.9564000037092772,7.608771638227474e-05,-0.3439908690242847,-0.11607733441508854
C(founding_cohort)[T.2015-18],-0.3471447229385274,0.053389209011216625,-6.502151452844997,7.91793220700027e-11,-0.45178564976359326,-0.24250379611346148
C(founding_cohort)[T.2019-20],-2.579212740677808,0.09017254590186072,-28.603082178525757,6.151139028061846e-180,-2.75594768303974,-2.4024777983158763
C(founding_cohort)[T.2021],-2.403422164131375,0.2280834095507358,-10.537470344140695,5.803907048819352e-26,-2.8504574323219165,-1.956386895940834
z_vagueness,-0.03627910395751266,0.01933516374447368,-1.8763277330858834,0.06061029113252286,-0.07417532853186568,0.0016171206168403632
is_hardware,0.32359174550053876,0.042418322835864636,7.628584155782377,2.3734588580672454e-14,0.24045336045765114,0.4067301305434264
z_vagueness:is_hardware,0.09250746121654055,0.04961383999126083,1.8645495134590502,0.062244575151037804,-0.0047338783010637125,0.1897488007341448
z_employees_log,0.8722402761942308,0.01986437434061709,43.909778442442224,0.0,0.8333068179111998,0.9111737344772619
