nobs,prsquared,aic,bic,llf,converged,auc,brier,logloss
5000.0,0.018649929719423253,3961.5018221993687,4013.6393677306987,-1972.7509110996843,True,0.5988545977104031,0.11733123247084058,0.3945501822199369
