nobs,prsquared,aic,bic,llf,converged,auc,brier,logloss
5000.0,0.015746825766336903,3973.1737039099,4025.31124944123,-1978.58685195495,True,0.5917781006971838,0.11767804917992071,0.39571737039099
