effect,value,std_err
AME_z_vagueness,,
slope_level_0,0.33158539884286126,0.045724965577714397
slope_level_1,-0.028153615939076337,
