vagueness_quintile,is_hardware,successes,trials,rate,ci_lower,ci_upper
Q1,0,5820.0,35195,0.16536439835203864,0.16151959042401473,0.169282250509296
Q1,1,854.0,4460,0.1914798206278027,0.18019954872717361,0.20329111993813023
Q2,0,469.0,2788,0.1682209469153515,0.1547942758367695,0.1825606801177517
Q2,1,57.0,242,0.23553719008264462,0.1864650275757594,0.2928745146335331
