vagueness,series_b_dummy,high_integration_cost,log_series_a_amount,team_size,founder_prior_exit,predicted_prob,scenario
25,0,0,15.86943636010112,26.493333333333332,0.3333333333333333,0.6524244568612878,"Precise, Series A, Low-i"
75,0,0,15.86943636010112,26.493333333333332,0.3333333333333333,0.7537720797559305,"Vague, Series A, Low-i"
25,1,0,15.86943636010112,26.493333333333332,0.3333333333333333,0.9039618923930193,"Precise, Series B, Low-i"
75,1,0,15.86943636010112,26.493333333333332,0.3333333333333333,0.5531046941206014,"Vague, Series B, Low-i"
25,0,1,15.86943636010112,26.493333333333332,0.3333333333333333,0.8977267769917338,"Precise, Series A, High-i"
75,0,1,15.86943636010112,26.493333333333332,0.3333333333333333,0.5905091667346893,"Vague, Series A, High-i"
25,1,1,15.86943636010112,26.493333333333332,0.3333333333333333,0.40172505080430587,"Precise, Series B, High-i"
75,1,1,15.86943636010112,26.493333333333332,0.3333333333333333,0.6598222899530247,"Vague, Series B, High-i"
