,count,mean,median,std,min,max
vagueness,53.0,57.16981132075472,60.0,19.648581715361903,20.0,80.0
high_integration_cost,53.0,0.3018867924528302,0.0,0.4634695932428229,0.0,1.0
funding_success,53.0,0.18867924528301888,0.0,0.3949977494378391,0.0,1.0
dealsize,53.0,65866037.73584906,10500000.0,198389128.05916423,0.0,1300000000.0
employees,53.0,86.56603773584905,45.0,116.59685795904463,15.0,500.0
totalraised,53.0,389583018.8679245,8000000.0,1473666213.8688,2800000.0,7600000000.0
