Variable,Coefficient,p-value
Intercept,-22.27529135395761,0.7059674722701735
vagueness_scaled,13.98296059686809,0.8744149702180672
series_b_dummy,18.7813280358623,0.7500758133615235
vagueness_scaled:series_b_dummy,-42.30312300564082,0.6799492131804602
employees,0.1301921630891416,0.38402233141073505
