,count,mean,median,std,min,max
vagueness,44.0,56.36363636363637,70.0,24.120907566221092,20.0,80.0
high_integration_cost,44.0,0.36363636363636365,0.0,0.48660709956247955,0.0,1.0
funding_success,44.0,0.7272727272727273,1.0,0.4505106334669666,0.0,1.0
deal_size,44.0,8975000.0,6000000.0,9205436.336183902,0.0,32000000.0
employees,44.0,35.40909090909091,25.5,19.516621636045684,15.0,75.0
total_raised,44.0,6690909.090909091,5250000.0,3637263.1022877996,2800000.0,15000000.0
