variable,coef,std_err,t,p>|t|,R2
const,11.544761848515016,0.32059011392583997,36.010972725084066,4.854022147519828e-72,0.43423682433042043
vagueness,-7.339980527611166,0.7131967870024446,-10.291662359362265,8.713447123906234e-19,0.43423682433042043
