variable,coef,std_err,z,p>|z|,Pseudo_R2_McFadden
const,0.012086585601672969,1.3524620429011007,0.00893672814339885,0.9928696175018796,0.015347901719165224
vagueness,1.5583781819634068,1.258971543865716,1.2378184316846053,0.2157833925171918,0.015347901719165224
early_funding,0.002514368891467412,0.11103952487455844,0.022643908953211923,0.9819343185160292,0.015347901719165224
