,count,mean,std,min,25%,50%,75%,max
vagueness,160.0,0.48698619163480145,0.17156180594782244,0.11348797464704213,0.3649913326156482,0.47199707807828084,0.5803136501214283,1.0
early_funding_musd,160.0,7.628699997603201,1.908416088325749,2.58539917027365,6.379493711836587,7.63700286190522,9.076086218024026,12.123561612324721
later_success,160.0,0.7625,0.4268872267970965,0.0,1.0,1.0,1.0,1.0
team_size,160.0,35.44375,17.269869378914823,5.0,20.75,35.0,52.0,64.0
prior_exit,160.0,0.575,0.49589509947723276,0.0,0.0,1.0,1.0,1.0
high_integration_cost,160.0,0.53125,0.500589275396017,0.0,0.0,1.0,1.0,1.0
