{
  "h1_coef": -8.507101446722001e-07,
  "h1_se": 2.3238635852543834e-07,
  "h1_pval": 0.0002517707274603765,
  "h1_tstat": -3.66075767127732,
  "h1_nobs": 43126,
  "h1_rsquared": 0.01029107410500707,
  "h2_vagueness_coef": -0.037229218355360943,
  "h2_vagueness_se": 0.006531125899730227,
  "h2_vagueness_pval": 1.1961381044662442e-08,
  "h2_interaction_coef": -0.03004858054165631,
  "h2_interaction_se": 0.01505366759538786,
  "h2_interaction_pval": 0.04592336685984632,
  "h2_nobs": 1052481,
  "h2_pseudo_rsquared": 0.14584222511719747,
  "h1_sig": "***",
  "h2_vag_sig": "***",
  "h2_int_sig": "*"
}