Variable,Coefficient,p-value
Intercept,1.615783098944574,0.42111526547690237
vagueness_scaled,-1.5631578075483292,0.43832202229093686
series_b_dummy,-18.76939154602519,0.9999986080050308
vagueness_scaled:series_b_dummy,-8.64505634379732,0.9999993630407535
