,count,mean,median,std,min,max
vagueness,10014.0,99.57534586628209,100.0,0.9951681741125975,88.88888888888889,100.0
high_integration_cost,10014.0,0.025164769322947873,0.0,0.1566331819037283,0.0,1.0
funding_success,10014.0,0.512083083682844,1.0,0.49987893739361833,0.0,1.0
dealsize,10014.0,6.345968269904134,0.097873405,61.702311699040045,0.0,4157.13001246
totalraised,6064.0,17.86142794212566,2.5,122.71349589490963,4.197e-05,6500.0
