effect,value,std_err
AME_z_vagueness,,
slope_level_0,-0.029379709445629825,0.0177143009001097
slope_level_1,-0.029379709445629825,
