variable,coefficient,std_err,z,p_value,ci_lower,ci_upper
Intercept,-1.0457439453144681,0.05062809238865563,-20.655408805187193,8.727932618953962e-95,-1.1449731830021996,-0.9465147076267366
C(founding_cohort)[T.2010-14],-0.23986379319008888,0.058074488337792905,-4.1302782005570196,3.623245119660457e-05,-0.35368769875275435,-0.1260398876274234
C(founding_cohort)[T.2015-18],-0.3530276549605774,0.05333969924168608,-6.6184785437387506,3.629145700486678e-11,-0.45757154442048054,-0.24848376550067428
C(founding_cohort)[T.2019-20],-2.589193618946185,0.09011935890046975,-28.7307150265656,1.5776603251313696e-181,-2.765824316700945,-2.412562921191425
C(founding_cohort)[T.2021],-2.4141610282188917,0.2275029221689934,-10.61156052503628,2.633140139119662e-26,-2.8600585620477377,-1.9682634943900457
z_vagueness,-0.029379709445629825,0.0177143009001097,-1.6585305630349705,0.09721042391250331,-0.0640991012211503,0.005339682329890651
is_serial,0.0,,,,,
z_vagueness:is_serial,0.0,,,,,
z_employees_log,0.8596636886203015,0.019745166198389168,43.53793125785053,0.0,0.8209638740027011,0.8983635032379019
