effect,value,std_err
AME_z_vagueness,,
slope_level_0,-0.03627910395751268,0.019335163744473676
slope_level_1,0.05622835725902798,
