effect,value,std_err
AME_z_vagueness,,
slope_level_0,-0.029379709445594003,0.01771430090010803
slope_level_1,-0.029379709445594003,
