nobs,prsquared,aic,bic,llf,converged,auc,brier,logloss
40148.0,0.11082597406790573,33109.21570868775,33169.418004022285,-16547.607854343874,True,0.7368089724504496,0.13101288717975865,0.4121651851734551
