variable,coefficient,std_err,z,p_value,ci_lower,ci_upper
Intercept,-1.0902758845080336,0.051085193362949234,-21.34230709007715,4.596946266720571e-101,-1.1904010236426787,-0.9901507453733884
C(founding_cohort)[T.2010-14],-0.2300341017196877,0.058142276186437136,-3.9564000037093114,7.608771638226394e-05,-0.34399086902428533,-0.11607733441509006
C(founding_cohort)[T.2015-18],-0.34714472293852827,0.053389209011216375,-6.502151452845044,7.917932206997823e-11,-0.4517856497635937,-0.24250379611346287
C(founding_cohort)[T.2019-20],-2.579212740677809,0.09017254590186057,-28.603082178525813,6.151139028052046e-180,-2.7559476830397402,-2.4024777983158776
C(founding_cohort)[T.2021],-2.403422164131376,0.22808340955073575,-10.5374703441407,5.803907048819061e-26,-2.850457432321917,-1.956386895940835
z_vagueness,-0.03627910395751268,0.019335163744473676,-1.8763277330858847,0.06061029113252269,-0.0741753285318657,0.0016171206168403354
is_hardware,0.3235917455005386,0.042418322835864664,7.628584155782368,2.373458858067408e-14,0.24045336045765092,0.40673013054342627
z_vagueness:is_hardware,0.09250746121654066,0.04961383999126082,1.8645495134590526,0.062244575151037436,-0.004733878301063588,0.1897488007341449
z_employees_log,0.8722402761942305,0.019864374340617087,43.90977844244222,0.0,0.8333068179111994,0.9111737344772616
