variable,coefficient,std_err,stat,p_value,ci_lower,ci_upper
Intercept,-1.0007978298528402,0.04856053611932031,-20.609282965775627,2.2656301571222755e-94,-1.0959747317166644,-0.905620927989016
C(founding_cohort)[T.2010-14],-0.3457973644412275,0.05557093263636734,-6.222630213964179,4.888887245377244e-10,-0.45471439099580896,-0.23688033788664603
C(founding_cohort)[T.2015-18],-0.36920394727767747,0.05097717435278049,-7.242534565032039,4.403761537569564e-13,-0.46911737304274614,-0.2692905215126088
C(founding_cohort)[T.2019-20],-2.626974566905207,0.08857223414869972,-29.659120515069137,2.5870376634699934e-193,-2.8005729558669072,-2.4533761779435066
C(founding_cohort)[T.2021],-2.640282366725147,0.22631401264819165,-11.666455540380099,1.8914041968738159e-31,-3.083849680712345,-2.1967150527379493
z_vagueness,-0.001852784121119719,0.018253110760731304,-0.10150511578035742,0.9191494967305931,-0.03762822381797359,0.033922655575734144
is_hardware,0.16283265440038217,0.040860952920704526,3.9850429997650334,6.74679070519457e-05,0.08274665830181456,0.24291865049894978
z_vagueness:is_hardware,0.08864274236276572,0.047404246322930096,1.8699325321809406,0.06149318747817037,-0.0042678731444425605,0.181553357869974
