,count,mean,std,min,25%,50%,75%,max
vagueness,140.0,0.4049926710792356,0.19574255973447666,0.02496477098448765,0.25691264176311657,0.4077454840876117,0.5389451796107745,0.8140546972541194
early_funding,140.0,8.57212352896819,2.18030296871766,3.1644078286259143,7.127218365027796,8.73737427621978,9.914467289547362,13.737206294823277
later_success,140.0,0.6571428571428571,0.4763685860809124,0.0,0.0,1.0,1.0,1.0
