Variable,Coefficient,Std Error,p-value,CI Lower,CI Upper
Intercept,514.5163206079274,226.6408422253838,0.023915223403454346,68.48471180742047,960.5479294084342
vagueness,-3.539661427688289,3.7076333677157964,0.3405106410543445,-10.836323669175057,3.757000813798479
employees_log,0.06895609566159489,0.28305907330657853,0.8077014275127762,-0.4881071971360942,0.626019388459284
year_founded,-0.25238449143574737,0.11226512713483416,0.025304942424731924,-0.4733234659668579,-0.03144551690463682
